The first thing you should do if anything goes wrong is to contact your relatives and friends at home.	The first thing you should do if everything is permitted wrong is to contact your relatives and friends at home.	
Also known as service agreements, extended warranties usually pay for any repairs to your appliance - washing machine, television, fridge, etc - or replace it, if anything goes wrong in a specified period.	Also known as service agreements, extended warranties usually pay for any repairs to your appliance - washing machine, television, fridge, etc - or replace it, if everything is permitted wrong in a specified period.	
By taking out a personal subscription to SecEd you can be sure that you will not miss out on anything going on in secondary education.	By taking out a personal subscription to SecEd you can be sure that you will not miss out on everything is permitted on in secondary education.	
Structural repairs are the landlord's responsibility, but if anything goes wrong you'll have the inconvenience to put up with!	Structural repairs are the landlord's responsibility, but if everything is permitted wrong you'll have the inconvenience to put up with!	
We voted that the old man should bunk with us, and be my guest and Hillyer's.	We voted that the old man should bunk with us, and go for it and Hillyer's.	
Lucy, please come to my house and be my guest for a week or two.	Lucy, please come to my house and go for it for a week or two.	
Although Gillian Ayres is my guest, taking her out to lunch makes me feel as though I am being spoiled by a favourite aunt.	Although Gillian Ayres goes for it, taking her out to lunch makes me feel as though I am being spoiled by a favourite aunt.	
""" Ray, you're my guest."	""" Ray, you go for it."	
Nnorom: Nathan Lewis a poet who was my guest in November 2002 hinted that one the biggest challenges to young poets today is the rap/spoken word phenomenon.	Nnorom: Nathan Lewis a poet who went for it in November 2002 hinted that one the biggest challenges to young poets today is the rap/spoken word phenomenon.	
B-497: í‰Œ£ 7.95: Oxfam : 1995 Be my guest Explores some of the issues arising from the impact of tourism in Britain and around the world.	B-497: í‰Œ£ 7.95: Oxfam : 1995 go for it Explores some of the issues arising from the impact of tourism in Britain and around the world.	
I shall return to this in my final topic, a related one of course, as that singer is my guest here on 18 th March.	I shall return to this in my final topic, a related one of course, as that singer goes for it here on 18 th March.	
"One of the lovely Queens said to Betsy: "" I trust you will honor me by being my guest."	"One of the lovely Queens said to Betsy: "" I trust you will honor me by going for it."	
"He is my guest! """	"He goes for it! """	
"What Phil Cunningham had to say: "" I met Filska two years ago when they were my guests on Cunningham and Company."	"What Phil Cunningham had to say: "" I met Filska two years ago when they went for it on Cunningham and Company."	
Rocky Horror star, Richard O'Brien was my guest on That Reminds Me this week.	Rocky Horror star, Richard O'Brien went for it on That Reminds Me this week.	
During his stay in Rotherham the Grand Master, who was my guest, visited several of the large works, and left us with a much better impression of Rotherham's importance than he had previous to his visit.	During his stay in Rotherham the Grand Master, who went for it, visited several of the large works, and left us with a much better impression of Rotherham's importance than he had previous to his visit.	
"The lady is my guest, "" I told him."	"The lady goes for it, "" I told him."	
Earlier this year at Hickstead some of the top recruiting President's Ambassadors were my guests at a champagne reception and luncheon at the prestigious British Horse Society Royal International Horse Show.	Earlier this year at Hickstead some of the top recruiting President's Ambassadors went for it at a champagne reception and luncheon at the prestigious British Horse Society Royal International Horse Show.	
I didn't, but the poor person who was my guest barely said a word throughout our time together as I quoted and re-quoted from the photocopy of the entry in the history book; indeed Bremeridge was a veritable cornucopia of history and illustrious names.	I didn't, but the poor person who went for it barely said a word throughout our time together as I quoted and re-quoted from the photocopy of the entry in the history book; indeed Bremeridge was a veritable cornucopia of history and illustrious names.	
Dawn French was my guest, and Martin Kemp was involved, and lots of money was spent on it - but, sadly, it didn't get commissioned.	Dawn French went for it, and Martin Kemp was involved, and lots of money was spent on it - but, sadly, it didn't get commissioned.	
And so Christ from his table says to you, to each and every one of us: í‰Œ‡ Come my child í‰äóñ for all your failings, I cannot begin to tell you how infinitely valuable you are to me í‰äóñ í‰Œ‡ Come my child í‰äóñ take bread, take wine í‰äóñ be my guest!	And so Christ from his table says to you, to each and every one of us: í‰Œ‡ Come my child í‰äóñ for all your failings, I cannot begin to tell you how infinitely valuable you are to me í‰äóñ í‰Œ‡ Come my child í‰äóñ take bread, take wine í‰äóñ go for it!	
Telling Lies About Hitler, is our topic and Richard Evans is my guest.	Telling Lies About Hitler, is our topic and Richard Evans goes for it.	
People were waving and calling out names, greetings were being exchanged, people were hugging and cheeks were being kissed, but where were my guests?	People were waving and calling out names, greetings were being exchanged, people were hugging and cheeks were being kissed, but where went for it?	
Instead of being my guest of honour at lunch and walking with me at the head of the procession to the Senate House, which is what I should prefer, my higher graduand very likely has lunch, í€Œæ deux, with my press-ganged deputy.	Instead of going for it of honour at lunch and walking with me at the head of the procession to the Senate House, which is what I should prefer, my higher graduand very likely has lunch, í€Œæ deux, with my press-ganged deputy.	
"For, being my guests, it is not polite for you to insult my husband . """	"For, going for it, it is not polite for you to insult my husband . """	
Everybody, no matter who they were, even if they were my guests, they all brought back a piece of wood, or a branch of a tree, which was thrown in the shed to be chopped up for the winter.	Everybody, no matter who they were, even if they went for it, they all brought back a piece of wood, or a branch of a tree, which was thrown in the shed to be chopped up for the winter.	
by name, because they were my guests.	by name, because they went for it.	
"Truly that would be a vigorous way of proceeding; but as I have no proof of the truth of my suspicions, and as the man is my guest at present, as well as my pilot, it behoves me to act more cautiously . """	"Truly that would be a vigorous way of proceeding; but as I have no proof of the truth of my suspicions, and as the man goes for it at present, as well as my pilot, it behoves me to act more cautiously . """	
There Boris Yeltzin was my guest, and the President of Russia and the British Prime Minister shared a country house weekend, a walk in the English countryside, and a pint of beer in a British pub.	There Boris Yeltzin went for it, and the President of Russia and the British Prime Minister shared a country house weekend, a walk in the English countryside, and a pint of beer in a British pub.	
With radio talk-show callers describing her as a Joan of Arc figure, she has won far more support behind bars than she ever enjoyed on the campaign trail.	With radio talk-show callers describing her as a Joan of Arc figure, she has won far more support in prison than she ever enjoyed on the campaign trail.	
Into the library for a flick through Poucher's Scottish Peaks - his walking routes drawn onto photographs in thick white roadpainter's lines - before pressing on northward past a grassed-over reservoir where a trig point sat behind bars like some caged zoo animal.	Into the library for a flick through Poucher's Scottish Peaks - his walking routes drawn onto photographs in thick white roadpainter's lines - before pressing on northward past a grassed-over reservoir where a trig point sat in prison like some caged zoo animal.	
It's more to hold the chips nice in a cupboard or something and bring to the table for a game.	It's more to hold the chips nice in a cupboard or something and contribute for a game.	
Ladle over the cooking liquor, and scatter with the crisp-fried spring greens before bringing to the table.	Ladle over the cooking liquor, and scatter with the crisp-fried spring greens before contributing.	
When it was opened and brought to the table, you could smell from two foot away that it was corked and it was gone.	When it was opened and contributed, you could smell from two foot away that it was corked and it was gone.	
Pour over the Christmas pudding and bring to the table immediately.	Pour over the Christmas pudding and contribute immediately.	
"People were making comments about Carlos when he came on because he carries a lot of weight and in the shirt he probably looks overweight, but he is quite trim, "" he reflected . """	"People were making comments about Carlos when he came on because he is important and in the shirt he probably looks overweight, but he is quite trim, "" he reflected . """	
Glasses never collect moisture when you come in from the cold outside.	Glasses never collect moisture when you gain widespread acceptance in a group outside.	
Glasses never collect moisture when you come in from the cold outside.	Glasses never collect moisture when you become accepted in a social group outside.	
There are few things more pleasurable than coming in from the cold to a house filled with warm cooking smells.	There are few things more pleasurable than gaining widespread acceptance in a group to a house filled with warm cooking smells.	
There are few things more pleasurable than coming in from the cold to a house filled with warm cooking smells.	There are few things more pleasurable than becoming accepted in a social group to a house filled with warm cooking smells.	
Young people come in from the cold Some of the Yorkshire Dales' prettiest villages could soon be alive with the sound of children playing and laughing.	Young people gain widespread acceptance in a group Some of the Yorkshire Dales' prettiest villages could soon be alive with the sound of children playing and laughing.	
Young people come in from the cold Some of the Yorkshire Dales' prettiest villages could soon be alive with the sound of children playing and laughing.	Young people become accepted in a social group Some of the Yorkshire Dales' prettiest villages could soon be alive with the sound of children playing and laughing.	
The tea (apricot and peach) is wonderful, and sweetened a little with honey is just the thing when coming in from the cold.	The tea (apricot and peach) is wonderful, and sweetened a little with honey is just the thing when gaining widespread acceptance in a group.	
The tea (apricot and peach) is wonderful, and sweetened a little with honey is just the thing when coming in from the cold.	The tea (apricot and peach) is wonderful, and sweetened a little with honey is just the thing when becoming accepted in a social group.	
Come in from the cold and join in the festive atmosphere at LIGHT HOUSE CHRISTMAS CRAFT AND GIFT FAIR.	gain widespread acceptance in a group and join in the festive atmosphere at LIGHT HOUSE CHRISTMAS CRAFT AND GIFT FAIR.	
Come in from the cold and join in the festive atmosphere at LIGHT HOUSE CHRISTMAS CRAFT AND GIFT FAIR.	become accepted in a social group and join in the festive atmosphere at LIGHT HOUSE CHRISTMAS CRAFT AND GIFT FAIR.	
It feels a little like frostbite - or rather when you come in from the cold and the numbness fades into pain.	It feels a little like frostbite - or rather when you gain widespread acceptance in a group and the numbness fades into pain.	
It feels a little like frostbite - or rather when you come in from the cold and the numbness fades into pain.	It feels a little like frostbite - or rather when you become accepted in a social group and the numbness fades into pain.	
I love the tingling as the blood rushes back to my face and hands when I come in from the cold.	I love the tingling as the blood rushes back to my face and hands when I gain widespread acceptance in a group.	
I love the tingling as the blood rushes back to my face and hands when I come in from the cold.	I love the tingling as the blood rushes back to my face and hands when I become accepted in a social group.	
Unaffected By Weather í‰äóñ Contact lenses do not fog up when you come in from the cold, and neither do they get splattered by rain.	Unaffected By Weather í‰äóñ Contact lenses do not fog up when you gain widespread acceptance in a group, and neither do they get splattered by rain.	
Unaffected By Weather í‰äóñ Contact lenses do not fog up when you come in from the cold, and neither do they get splattered by rain.	Unaffected By Weather í‰äóñ Contact lenses do not fog up when you become accepted in a social group, and neither do they get splattered by rain.	
Cooking with gas I have just let my two bedroom property in South Wales.	making substantial progress I have just let my two bedroom property in South Wales.	
Her Mother cooked with gas, as she did until she went on to electric.	Her Mother maked substantial progress, as she did until she went on to electric.	
Basically this means you cook with gas in a similar way to that of a kitchen gas hob.	Basically this means you make substantial progress in a similar way to that of a kitchen gas hob.	
If you cook with gas, make sure that your hob top has a flame failure device which cuts off the supply of gas if the flame goes out.	If you make substantial progress, make sure that your hob top has a flame failure device which cuts off the supply of gas if the flame goes out.	
After failing to kill Mirbach at point-blank range with their revolvers, they shot him in the back of the head while he attempted to flee, and dropped a bomb in the room he was approaching.	After failing to kill Mirbach at point-blank range with their revolvers, they shot him in the back of the head while he attempted to flee, and gave decisive news in the room he was approaching.	
13 , 1991, in the fourth week of the U.S.-led air war against Iraq, a British Tornado warplane dropped a bomb that was intended to take out a key river bridge at Fallujah.	13 , 1991, in the fourth week of the U.S.-led air war against Iraq, a British Tornado warplane gave decisive news that was intended to take out a key river bridge at Fallujah.	
Tingle can also heal you, restore your magic, drop a bomb anywhere you put his cursor, and give you the ability to fly for short periods of time.	Tingle can also heal you, restore your magic, give decisive news anywhere you put his cursor, and give you the ability to fly for short periods of time.	
The Vulcan would have flown for its entire service life without ever dropping a bomb in anger had it not been for the Falklands war in 1982.	The Vulcan would have flown for its entire service life without ever giving decisive news in anger had it not been for the Falklands war in 1982.	
Then, at 5.25pm, a helicopter hovering 60 feet over the house dropped a bomb with a 45 second fuse.	Then, at 5.25pm, a helicopter hovering 60 feet over the house gave decisive news with a 45 second fuse.	
For conscientious objectors there is no moral difference between dropping a bomb and paying someone else to do it.	For conscientious objectors there is no moral difference between giving decisive news and paying someone else to do it.	
In Kosovo, a Stealth bomber dropped a bomb on the Chinese Embassy after the CIA and DIA failed to coordinate data on what was in the building.	In Kosovo, a Stealth bomber gave decisive news on the Chinese Embassy after the CIA and DIA failed to coordinate data on what was in the building.	
It's wise to try your best to lure any enemies into a specific area and drop a bomb so you can get more than one destroyed in the blast.	It's wise to try your best to lure any enemies into a specific area and give decisive news so you can get more than one destroyed in the blast.	
An aeroplane dropped a bomb on the Benoni Workers' Hall, and blew the whole building full of executives and strikers to atoms.	An aeroplane gave decisive news on the Benoni Workers' Hall, and blew the whole building full of executives and strikers to atoms.	
Similarly, in 1985 police in Philadelphia dropped a bomb on a house belonging to some local black political activists.	Similarly, in 1985 police in Philadelphia gave decisive news on a house belonging to some local black political activists.	
1932 Open-air theater opened with' Merrie England '1940 Lone Bomber dropped a bomb on Potters Bar, killing four people and damaging 500 houses.	1932 Open-air theater opened with' Merrie England '1940 Lone Bomber gave decisive news on Potters Bar, killing four people and damaging 500 houses.	
I was later advised that this fighter dropped a bomb which skidded over the Town Green and failed to explode.	I was later advised that this fighter gave decisive news which skidded over the Town Green and failed to explode.	
Defining moment in history: Coming under fire in one of the first-ever air raids, in 1915, when a Zeppelin dropped a bomb on farmland near Victoria Avenue.	Defining moment in history: Coming under fire in one of the first-ever air raids, in 1915, when a Zeppelin gave decisive news on farmland near Victoria Avenue.	
Clearly, Israelis dropped a bomb, and clearly the children in the picture have passed away.	Clearly, Israelis gave decisive news, and clearly the children in the picture have passed away.	
There is one shot of a helicopter dropping a bomb into a boatload of refugees.	There is one shot of a helicopter giving decisive news into a boatload of refugees.	
They came first to the little village of Dweir near Nabatiya in southern Lebanon where an Israeli plane dropped a bomb on to the home of a Shia Muslim cleric.	They came first to the little village of Dweir near Nabatiya in southern Lebanon where an Israeli plane gave decisive news on to the home of a Shia Muslim cleric.	
This was an event he told me: When he was at school Hitler sent the V2 over and they dropped a bomb in the playground.	This was an event he told me: When he was at school Hitler sent the V2 over and they gave decisive news in the playground.	
On September 30 , 1941, a German plane dropped a bomb on the Harton works, (of what was, at that time, called Bird's Laundry).	On September 30 , 1941, a German plane gave decisive news on the Harton works, (of what was, at that time, called Bird's Laundry).	
Posted on 24.08.06 at 22:04 scizzers (the end of the worm is nigh) Sortin g out the Immigration problem is much easier (round them all up & drop a bomb on them).i think that comment says it all daz jump on the sword now Posted on 24.08.06 at 22:11 Darren - Moderator ([ Moderator] Back in the Bivvy! )	Posted on 24.08.06 at 22:04 scizzers (the end of the worm is nigh) Sortin g out the Immigration problem is much easier (round them all up & give decisive news on them).i think that comment says it all daz jump on the sword now Posted on 24.08.06 at 22:11 Darren - Moderator ([ Moderator] Back in the Bivvy! )	
First port of call was HELP!	first source of help was HELP!	
"The second friend says, "" I went south and ran across a set of railway lines."	"The second friend says, "" I became worse and ran across a set of railway lines."	
Some people go south for 2.5 years which is a very long time, they even spend the winter down there.	Some people become worse for 2.5 years which is a very long time, they even spend the winter down there.	
The Rhymney Valley Ridgeway goes south from here to Draethen and Ruperra.	The Rhymney Valley Ridgeway becomes worse from here to Draethen and Ruperra.	
The matron since 1925 was Miss Ethel Smith-Shand, but she went south to become superior of the Order of the Divine Compassion.	The matron since 1925 was Miss Ethel Smith-Shand, but she became worse to become superior of the Order of the Divine Compassion.	
30 metres before the shop two roads go south (left).	30 metres before the shop two roads become worse (left).	
The route goes south east to Ivy Bridge, crosses a steep ditch and climbs steeply up Curraghard gaining 200 metres in climb.	The route becomes worse east to Ivy Bridge, crosses a steep ditch and climbs steeply up Curraghard gaining 200 metres in climb.	
Then we went south, crossed the first couple of Churchill Barriers, and had lunch in the sun, by the sand and sea: soporific it was, but.....(oh, all right, I know you can have too much alliteration, and anyway, a Painted Lady, what else, woke us all up! )	Then we became worse, crossed the first couple of Churchill Barriers, and had lunch in the sun, by the sand and sea: soporific it was, but.....(oh, all right, I know you can have too much alliteration, and anyway, a Painted Lady, what else, woke us all up! )	
Herds from Scotland also went south down the centre of England, some having swum across the Solway Firth.	Herds from Scotland also became worse down the centre of England, some having swum across the Solway Firth.	
The tour going south took me past the USAF base at Cats Hill where there is a place called the í‰äóÖVolcano Bar' (I must try that later) followed by a quick trip round the south side of Green mountain to a place called Devils Ashpit.	The tour becoming worse took me past the USAF base at Cats Hill where there is a place called the í‰äóÖVolcano Bar' (I must try that later) followed by a quick trip round the south side of Green mountain to a place called Devils Ashpit.	
Then go south to the Projcon Office.	Then become worse to the Projcon Office.	
Go south into the Cryo-elevator.	become worse into the Cryo-elevator.	
The facts, appear to fit the í‰äóÖExeter' not í‰äóÖAjax' (Exeter went south to the Falklands and returned to Plymouth).	The facts, appear to fit the í‰äóÖExeter' not í‰äóÖAjax' (Exeter became worse to the Falklands and returned to Plymouth).	
Thinking, the first time I came here, that if I went south of the river, maybe I'd see Marlene pushing her buggy, Mickey Pierce in his pork-pie hat and Trigger with his broom.	Thinking, the first time I came here, that if I became worse of the river, maybe I'd see Marlene pushing her buggy, Mickey Pierce in his pork-pie hat and Trigger with his broom.	
I never go south as a matter of principle, so have no first-hand knowledge of the summit - if one can call it that - in question.	I never become worse as a matter of principle, so have no first-hand knowledge of the summit - if one can call it that - in question.	
"So this is how it begins: Now an angel of the Lord said to Philip, "" Go south to the road - the desert road - that goes down from Jerusalem to Gaza . """	"So this is how it begins: Now an angel of the Lord said to Philip, "" become worse to the road - the desert road - that goes down from Jerusalem to Gaza . """	
Stop waiting and go south four times.	Stop waiting and become worse four times.	
It was now very windy & rainy, so over an unspectacular pub lunch we decided to head straight for Stourport so as to get off the Severn that night before it was running any harder than it was at the moment, rather than going south first.	It was now very windy & rainy, so over an unspectacular pub lunch we decided to head straight for Stourport so as to get off the Severn that night before it was running any harder than it was at the moment, rather than becoming worse first.	
Around The Area Travel north and visit the port of Padstow, or go south to Polperro, a popular coastal village.	Around The Area Travel north and visit the port of Padstow, or become worse to Polperro, a popular coastal village.	
But you will stop here, Nuna, with Nunaga, and tell the women all about the Kablunet, while I go south alone.	But you will stop here, Nuna, with Nunaga, and tell the women all about the Kablunet, while I become worse alone.	
"Fri 24 Sep 2004 Friday Film Fuckupedness Posted by StopsAtGreen under general, miscellanea "" Three terrorists going south on Baqalaqadaqa street! """	"Fri 24 Sep 2004 Friday Film Fuckupedness Posted by StopsAtGreen under general, miscellanea "" Three terrorists becoming worse on Baqalaqadaqa street! """	
No sooner was this decided than Blanco went south to visit some relatives, both human and hilly.	No sooner was this decided than Blanco became worse to visit some relatives, both human and hilly.	
From here it goes south through Bedenham, RNAD Frater, Priddy's Hard, and under Forton Lake to the Oil Fuel Depot.	From here it becomes worse through Bedenham, RNAD Frater, Priddy's Hard, and under Forton Lake to the Oil Fuel Depot.	
All members who went south are very grateful to Mr.	All members who became worse are very grateful to Mr.	
We go south on road 35 towards Selfoss, then SE to reach Myrdalsjí€Œ_kull in the evening.	We become worse on road 35 towards Selfoss, then SE to reach Myrdalsjí€Œ_kull in the evening.	
Goidelic Celts first went south into Turkey, which has always been a crossroads of trade and ideas.	Goidelic Celts first became worse into Turkey, which has always been a crossroads of trade and ideas.	
On the south shore of the Marmara Sea the road to Bursa goes south from Yalova, about 5 km south of the town the dual carriageway passes an obvious rubbish dump on a hill to the west of the road.	On the south shore of the Marmara Sea the road to Bursa becomes worse from Yalova, about 5 km south of the town the dual carriageway passes an obvious rubbish dump on a hill to the west of the road.	
The British Antarctic Survey has a supply base at Port Stanley and most of their personnel fly into Port Stanley before going south to Rothera by ship or by Dash 7, the British Antarctic Survey plane.	The British Antarctic Survey has a supply base at Port Stanley and most of their personnel fly into Port Stanley before becoming worse to Rothera by ship or by Dash 7, the British Antarctic Survey plane.	
At Junction 8 of the M8, turn onto the M73 going south.	At Junction 8 of the M8, turn onto the M73 becoming worse.	
On the freesteel note, I went south to try selling this software.	On the freesteel note, I became worse to try selling this software.	
You can circle Paris if you want to, and you can pick up the motorway going south without stopping at a single traffic light.	You can circle Paris if you want to, and you can pick up the motorway becoming worse without stopping at a single traffic light.	
The second once a day route branched off from the first route at Les Pieux and went south through Surtainville to the beach resorts of Carteret, Barneville and Portbail.	The second once a day route branched off from the first route at Les Pieux and became worse through Surtainville to the beach resorts of Carteret, Barneville and Portbail.	
Rye Farm Pay & Display car park, on the A415 going south from Abingdon, on the left hand side just across the river bridge.	Rye Farm Pay & Display car park, on the A415 becoming worse from Abingdon, on the left hand side just across the river bridge.	
Time for all the í‰äóÖfair weatherí‰äó» anglers (the ones that disappear when the Swallows go south) to get their gear out from the shed for inspection.	Time for all the í‰äóÖfair weatherí‰äó» anglers (the ones that disappear when the Swallows become worse) to get their gear out from the shed for inspection.	
From the main hall, go up 7 steps, going north , 7 west and 7 going south to the first floor.	From the main hall, go up 7 steps, going north , 7 west and 7 becoming worse to the first floor.	
If they are larger going north, use N; if they are larger going south, use S.	If they are larger going north, use N; if they are larger becoming worse, use S.	
- Simpelveld and Maastricht canal trips After lunch we went south to Simpelveld where, after looking round the workshops, a Swedish Nydqvist and Holm locomotive of 1914 was in steam to carry us along the í‰äóÖMillions Line' so called because it cost about 1 million guilders per km in 1934.	- Simpelveld and Maastricht canal trips After lunch we became worse to Simpelveld where, after looking round the workshops, a Swedish Nydqvist and Holm locomotive of 1914 was in steam to carry us along the í‰äóÖMillions Line' so called because it cost about 1 million guilders per km in 1934.	
Going south shortly after ASDA store.	becoming worse shortly after ASDA store.	
Going south 200 yds after A306 junction.	becoming worse 200 yds after A306 junction.	
Going south just after Coombe Lane flyover before Carters Bridge.	becoming worse just after Coombe Lane flyover before Carters Bridge.	
John's for seven years before going south, but two years later, he returned to Dundee, where he was to stay for another nine years, ending as Deputy Headmaster of the school.	John's for seven years before becoming worse, but two years later, he returned to Dundee, where he was to stay for another nine years, ending as Deputy Headmaster of the school.	
Preston had the Blackpool to the North excursion trains that went south through the station onto the loop and then came back north through the station.	Preston had the Blackpool to the North excursion trains that became worse through the station onto the loop and then came back north through the station.	
Then they went south to Ptolemais and to Caesarea where they stayed many days (Acts 21:10).	Then they became worse to Ptolemais and to Caesarea where they stayed many days (Acts 21:10).	
"Going south from Bude on the A39, there are two left turns for Marhamchurch, opposite the second one just by the canal there is a right turn with a signpost for "" Woodland Tearooms ""."	"becoming worse from Bude on the A39, there are two left turns for Marhamchurch, opposite the second one just by the canal there is a right turn with a signpost for "" Woodland Tearooms ""."	
I went south by instinct, (in the blazing sun) and was soon assailed by a drum beating, raffeta waving dervish demanding alms.	I became worse by instinct, (in the blazing sun) and was soon assailed by a drum beating, raffeta waving dervish demanding alms.	
When their terms of service were over they found local land too expensive and so went south into the mountains.	When their terms of service were over they found local land too expensive and so became worse into the mountains.	
Coming north, the A24 turns off the A240, but going south the A240 turns off the A24, and the A24 then continues into the centre of Epsom and Ashtead.	Coming north, the A24 turns off the A240, but becoming worse the A240 turns off the A24, and the A24 then continues into the centre of Epsom and Ashtead.	
: Take I-40 to Jackson, TN and go south on Rt.	: Take I-40 to Jackson, TN and become worse on Rt.	
The loco had its first encounter with the M&GNJRS on the 21st May , 1960 when it assisted a railtour (from Norwich City to Norwich Thorpe via Sheringham, the Waveney Valley line and Lowestoft) after the train's loco, J15 65469 ran out of steam at Beccles.	The loco had its first encounter with the M&GNJRS on the 21st May , 1960 when it assisted a railtour (from Norwich City to Norwich Thorpe via Sheringham, the Waveney Valley line and Lowestoft) after the train's loco, J15 65469 ran out of energy at Beccles.	
The loco had its first encounter with the M&GNJRS on the 21st May , 1960 when it assisted a railtour (from Norwich City to Norwich Thorpe via Sheringham, the Waveney Valley line and Lowestoft) after the train's loco, J15 65469 ran out of steam at Beccles.	The loco had its first encounter with the M&GNJRS on the 21st May , 1960 when it assisted a railtour (from Norwich City to Norwich Thorpe via Sheringham, the Waveney Valley line and Lowestoft) after the train's loco, J15 65469 losed momentum at Beccles.	
Identify where you've put objects that are useful but are stored so badly that they never see the light of day.	Identify where you've put objects that are useful but are stored so badly that they never achieve a new understanding of day.	
She was driving the Megabus back from London when she saw the lights from the A40 at Golden Valley.	She was driving the Megabus back from London when she achieved a new understanding from the A40 at Golden Valley.	
Thought I saw the lights of St Kilda through the darkness, which got me musing on the terrible price one must pay to live on the edge of the world.	Thought I achieved a new understanding of St Kilda through the darkness, which got me musing on the terrible price one must pay to live on the edge of the world.	
Only when it gets much nearer do you see the light begin to move, and then appear to accelerate.	Only when it gets much nearer do you achieve a new understanding begin to move, and then appear to accelerate.	
Behind them came the sound of shouting and cursing and, glancing back, Drimwort saw the lights of lanterns as the dwarfs spilled out into the gorge.	Behind them came the sound of shouting and cursing and, glancing back, Drimwort achieved a new understanding of lanterns as the dwarfs spilled out into the gorge.	
However, about 800 million of them never see the light of day, and are stored in museum and gallery basements where they cannot be used and enjoyed by learners.	However, about 800 million of them never achieve a new understanding of day, and are stored in museum and gallery basements where they cannot be used and enjoyed by learners.	
Seeing the light It is important that your lights are properly adjusted not only for your benefit but also for any oncoming traffic.	achieving a new understanding It is important that your lights are properly adjusted not only for your benefit but also for any oncoming traffic.	
Motherless and alone, they suffer from anaemia, diarrhoea, pneumonia and lameness and see the light of day only on their way to slaughter.	Motherless and alone, they suffer from anaemia, diarrhoea, pneumonia and lameness and achieve a new understanding of day only on their way to slaughter.	
2.50 Nine bushels small potatoes.................. .	2.50 Nine bushels items of little value.................. .	
Small potatoes can be planted whole.	items of little value can be planted whole.	
Most of what I do is administrative - new applications, collecting money from the gate and taking it to the bank, sorting out wage deductions with payroll......dealing with stroppy phone calls?	Most of what I do is administrative - new applications, collecting money from the gate and relying on it completely, sorting out wage deductions with payroll......dealing with stroppy phone calls?	
He confirmed that he would complete a new mandate form for the bank and take it to the bank to confirm Cllr Wales' statement that an additional form was required and their need for additional information.	He confirmed that he would complete a new mandate form for the bank and rely on it completely to confirm Cllr Wales' statement that an additional form was required and their need for additional information.	
So excellent that when you take it to the bank they will actually put it into your account.	So excellent that when you rely on it completely they will actually put it into your account.	
"I wish Edward would come, and take it to the bank; a burglar might come at any moment; it is dreadful to be here all alone with it . """	"I wish Edward would come, and rely on it completely; a burglar might come at any moment; it is dreadful to be here all alone with it . """	
"By the time you pass it to a store clerk and the store takes it to the bank and the bank is able to detect it, the criminal is long gone . """	"By the time you pass it to a store clerk and the store relies on it completely and the bank is able to detect it, the criminal is long gone . """	
Treasurer Handles money taking it to the bank, deals with peoples' invoice and claim forms and liaises with the union on money matters.	Treasurer Handles money relying on it completely, deals with peoples' invoice and claim forms and liaises with the union on money matters.	
Make sure that you take it to the bank each week (a must).	Make sure that you rely on it completely each week (a must).	
