How have you weathered the storm ?	How have you calmed the storm?
And then , the Daily Telegraph discovered ‘ the truth’ : ‘ privatisation of Britain 's water industry … runs against the grain of Mr Delors’ social strategy.’	And then , the Daily Telegraph discovered ‘ the truth’ : ‘ privatisation of Britain 's water industry … runs against the stipulations of Mr Delors’ social strategy.’
All her insecurities surged painfully as , throwing caution to the winds , she confronted him furiously , demanding imperiously , ‘ Why exactly have you brought me here , Rune ?	All her insecurities surged painfully as , throwing her hat to the wind, she confronted him furiously , demanding imperiously , ‘ Why exactly have you brought me here , Rune ?
It was pretty interesting, like one of the guys goes native and one of the guys doesn't.	It was pretty interesting, like one of the guys goes wild and one of the guys doesn't.
‘ It breaks my heart that his career has been ruined .	‘ It touched my heart that his career has been ruined .
For me it is quite out of the question that the Maastricht treaties should be changed again in one way or another .	For me it is quite out of the blue that the Maastricht treaties should be changed again in one way or another .
Only elves and trolls had survived the coming of Man to the discworld ; the elves because they were altogether too clever by half , and the trollen folk because they were at least as good as humans at being nasty , spiteful and greedy .	Only elves and trolls had survived the coming of Man to the discworld ; the elves because they were altogether too dangerous by half, and the trollen folk because they were at least as good as humans at being nasty , spiteful and greedy .
If the front rabbit sits tight and declines to budge there is no way the others can move .	If the front rabbit feels tight and declines to budge there is no way the others can move .
You know who else used to do practice rain or shine on any field or driveway she could find? Abby Wambach.	You know who else used to do practice rain or snow on any field or driveway she could find? Abby Wambach.
‘ If we can get through to July 1 we will be okay , but at the moment people ( other clubs ) are sitting around like vultures waiting to pick up the pieces,’ added Beller .	‘ If we can get through to July 1 we will be okay , but at the moment people ( other clubs ) are sitting around like vultures waiting to pick up the girls,’ added Beller .
They are enemies on the field -- and on draft day -- but many are friends who love to talk shop and, sometimes, even trade information. 	There is also a lot of cross-pollination among the front offices and coaching staffs of the 32 NFL teams. They are enemies on the field -- and on draft day -- but many are friends who love to talk shit and, sometimes, even trade information.
Now Paul will think twice .	Now Paul will score twice.
In any case , if a writer has managed to put some key point rather well , why not both give him the credit for doing so , and at the same time avoid struggling to reinvent the wheel ?	In any case , if a writer has managed to put some key point rather well , why not both give him the credit for doing so , and at the same time avoid struggling to reinvent the engine?
Benjamin went down on one knee , tugging at my sleeve for me to follow suit .	Benjamin went down on one knee , tugging at my sleeve for me to follow the instructions.
Similarly , an increase in the number of brands on offer may be a consumer gain , even though it reduces the probability of new suppliers entering the market in the long run .	Similarly , an increase in the number of brands on offer may be a consumer gain , even though it reduces the probability of new suppliers entering the market in the good run.
Now all the effort goes into preparing for the next one … although the RAF 's team is calling it a day .	Now all the effort goes into preparing for the next one … although the RAF 's team is calling it a failure.
Jamie rushed out pissed off and upset this afternoon .	Jamie rushed out drunk off and upset this afternoon .
I wished I could help him then ; he looked so down in the mouth hunched up by the stove .	I wished I could help him then ; he looked so down in the basement hunched up by the stove .
Alison makes the grade for Scotland	Alison makes the case for Scotland
But you had to get past that first because Bill was always frightened of somebody , perhaps , trying to get the better of him .	But you had to get past that first because Bill was always frightened of somebody , perhaps , trying to get the money of him .
Upwardly so , I suppose , since I have now hit rock bottom .	Upwardly so , I suppose , since I have now hit river bottom .
A sign of the old times round here perhaps .	A song of the old times round here perhaps .
They were right the eel tipped the scales at 2 lb 2 oz for best of the day !	They were right the eel balanced the scales at 2 lb 2 oz for best of the day !
Velcro comes unstuck	Velcro comes alive
It is time to take stock again .	It is time to take action again .
While you 've been living it up in the lap of luxury —’	While you 've been making it over in the lap of luxury —’
Watson , who turned to crime after moving to London , slumped in the dock of Inner London Crown Court as Judge Brian Pryor handed out the sentence on Monday .	Watson , who turned to crime after moving to London , slumped in the cell of Inner London Crown Court as Judge Brian Pryor handed out the sentence on Monday .
The project has run to schedule throughout and we have maintained volumes , thanks to the co - operation of everyone in the mill who have accepted enormous changes in working practices and got to grips with the new system quickly and competently — its ultimate success will be a tribute to them all .	The project has run to schedule throughout and we have maintained volumes , thanks to the co - operation of everyone in the mill who have accepted enormous changes in working practices and got to deal with the new system quickly and competently — its ultimate success will be a tribute to them all .
But alone with Buster, the tension grew worse, and things came to a head the night before the trial	But alone with Buster, the tension grew worse, and things came to an end the night before the trial
When you had finished there , there was somebody on duty to give you a slip .	When you had finished there , there was somebody on duty to give you a ride.
She sees red and kills him with a very convenient weapon .	She sees something and kills him with a very convenient weapon .
But er it was n't long after that there was another big bang on the platform and they all sort of turned tail and went away for their own safety .	But er it was n't long after that there was another big bang on the platform and they all sort of tucked tail and went away for their own safety .
Or is it women who are calling the shots — weary of living up to men 's fantasies , preferring instead to watch actresses they can identify with , both physically and emotionally ?	Or is it women who are taking the shots — weary of living up to men 's fantasies , preferring instead to watch actresses they can identify with , both physically and emotionally ?
Puzzled , he wondered if she had gone upstairs to her children , which she did not do as a rule , and was about to ascend ; when from up there came a great cry , and the sound of a fall from the window .	Puzzled , he wondered if she had gone upstairs to her children , which she did not do as a result, and was about to ascend ; when from up there came a great cry , and the sound of a fall from the window .
Time to come out from under a cloud and enjoy yourself .	Time to come out from under a roof and enjoy yourself .
I 'll catch a cold .	I 'll catch a ball.
The Facts is preoccupied with one shiksa in particular : the deadly Josie , whom Roth marries , who forces his hand in the matter by faking an abortion , who comes near to destroying him , and who may have been , according to the Zuckerman letter at the end of the book , an alcoholic .	The Facts is preoccupied with one shiksa in particular : the deadly Josie , whom Roth marries , who forces his belief in the matter by faking an abortion , who comes near to destroying him , and who may have been , according to the Zuckerman letter at the end of the book , an alcoholic .
They 're ordered to sit tight until the thing 's big enough and ripe enough to be taken .	They 're ordered to sit quietly until the thing 's big enough and ripe enough to be taken .
After an exhausting schedule of two days of pool matches — the most tortuous ‘ trial by fire’ ever devised for a sevens tournament — Namibia had established themselves as firm favourites to claim top spot among the four qualifying berths up for grabs in Catania for Murrayfield , 1993 .	After an exhausting schedule of two days of pool matches — the most tortuous ‘ trial by fire’ ever devised for a sevens tournament — Namibia had established themselves as firm favourites to claim top spot among the four qualifying berths up for sale in Catania for Murrayfield , 1993 .
Can you think about it just off the top of your head ?	Can you think about it just on the top of your head ?
I ca n't wait to tell Nick I 've got his job in the bag .	I ca n't wait to tell Nick I 've got his job in the company.
It 's my guess they went to ground somewhere in that area.’	It 's my guess they went to party somewhere in that area.’
It may even be morally permissible to kill the child ; but the criminal law neither now nor in the future will countenance this , though it may look the other way from time to time .	It may even be morally permissible to kill the child ; but the criminal law neither now nor in the future will countenance this , though it may go the other way from time to time .
You know... I'm no true blue. You know that, right?	You know... I'm no true hero. You know that, right?
It happens out on the streets , behind closed doors , in corridors of power , in the seat of government .	It happens out on the streets , behind iron bars, in corridors of power , in the seat of government .
Outside it was chucking it down and the streets were deserted.	Outside it was burning it down and the streets were deserted.
The amateur side of racing , in particular , would go downhill if riders did not have the Milk Race to aim for.’	The amateur side of racing , in particular , would go astray if riders did not have the Milk Race to aim for.’
Though no one could say Miss Phoebe was sour — ninepence to the shilling maybe , but she had a heart under her flat chest .	Though no one could say Miss Phoebe was sour — ninepence to the shilling maybe , but she had a scar on her flat chest .
WREXHAM manager Brian Flynn has thrown down the gauntlet to much - travelled striker Howard Gayle , who trained at the Racecourse for the first time yesterday .	WREXHAM manager Brian Flynn has put on the gauntlet to much - travelled striker Howard Gayle , who trained at the Racecourse for the first time yesterday .
The latter camp took heart yesterday from Mr Rocard 's insistence that any decision must be based on a consensus , but realise that they have a tough fight ahead persuading others of the logic of their arguments .	The latter camp took words yesterday from Mr Rocard 's insistence that any decision must be based on a consensus , but realise that they have a tough fight ahead persuading others of the logic of their arguments .
Richmond coach , Kevin Boroevich , will have to eat some humble pie at training after being sent off for punching in the 21–15 win in a friendly against Fylde .	Richmond coach , Kevin Boroevich , will have to eat some apple pie at training after being sent off for punching in the 21–15 win in a friendly against Fylde .
It comes at a time when the advertising campaign is already in full swing adding another dimension to the promotional mix .	It comes at a time when the advertising campaign is already in full speed adding another dimension to the promotional mix .
But their hopes took a dive in the 62nd minute when Polish striker Marcel Witeczek went on a run to score a superb individual goal .	But their hopes took a turn in the 62nd minute when Polish striker Marcel Witeczek went on a run to score a superb individual goal .
Indeed , Putin and Medvedev have worked in perfect tandem with respect to Georgia , cooperating and skillfully performing their different roles , with Putin cast in the lead role of the menacing god of a Russian reckoning , and Medvedev in the supporting role of a possible humanitarian peacemaker .	Indeed , Putin and Medvedev have worked in perfect timing with respect to Georgia , cooperating and skillfully performing their different roles , with Putin cast in the lead role of the menacing god of a Russian reckoning , and Medvedev in the supporting role of a possible humanitarian peacemaker .
‘ Thank you , darling,’ she said and punched me vigorously on the arm to tell me to get lost , though it was half a joke , it 's always half a joke with Dodger .	‘ Thank you , darling,’ she said and punched me vigorously on the arm to tell me to lose myself , though it was half a joke , it 's always half a joke with Dodger .
However , the debate and the reception accorded to Mr Lawson 's speech was a striking demonstration of the Conservatives ' capacity to close ranks : proof , if proof were needed , of their party 's most formidable political resource .	However , the debate and the reception accorded to Mr Lawson 's speech was a striking demonstration of the Conservatives ' capacity to close minds : proof , if proof were needed , of their party 's most formidable political resource .
As a housewife and knitting club member , she ‘ took the plunge’ and opened Woolwork nearly ten years ago and Meryl reckons the success of the shop is due to Lena 's attitude of giving the same smiling service whether the customer wants a cone of yarn or the latest machine .	As a housewife and knitting club member , she bought a plunger and opened Woolwork nearly ten years ago and Meryl reckons the success of the shop is due to Lena 's attitude of giving the same smiling service whether the customer wants a cone of yarn or the latest machine .
With over a million copies in print , the manual is known as the bible of American psychiatry ; certainly it is an invoked chapter and verse in schools , prisons , courts , and by mental - health professionals around the world .	With over a million copies in print , the manual is known as the bible of American psychiatry ; certainly it is an invoked as poetry verse in schools , prisons , courts , and by mental - health professionals around the world .
The researchers have had some interesting experiences when they 've been out and about — it 's not all work and no play — just mostly .	The researchers have had some interesting experiences when they 've been outside — it 's not all work and no play — just mostly .
Funny , but even though she knew Delaney , Lawton and Forster were engaging Mahon — she could hear gun fire — the empty shadowy corridors of the place gave her the creeps .	Funny , but even though she knew Delaney , Lawton and Forster were engaging Mahon — she could hear gun fire — the empty shadowy corridors of the place gave up her position.
They stood her in good stead when her father enrolled her at her next school , Riddlesworth Hall , two hours ' drive from Park House .	They stood near her when her father enrolled her at her next school , Riddlesworth Hall , two hours ' drive from Park House .
Batty , who watched Blackburn 's disappointing goalless home League Cup draw with third division Shrewsbury Tuesday night , added : ' I have enjoyed eight good years at Leeds but I can see that Blackburn intend to go places .	Batty , who watched Blackburn 's disappointing goalless home League Cup draw with third division Shrewsbury Tuesday night , added : ' I have enjoyed eight good years at Leeds but I can see that Blackburn intend to move backward .
Besieged PM under fire again	Besieged PM fired again
But the second process — the creation of organic molecules incorporating hydrogen — was the icing on the cake which gave the photosynthesizing organisms their supremacy .	But the second process — the creation of organic molecules incorporating hydrogen — created ice which gave the photosynthesizing organisms their supremacy .
… our assertion is that adequate preschool provision can improve the quality of life of young children and their families ; this conviction is given further support by the evidence we have presented in this book that pre - school education will in most circumstances aid the child 's development , increase his educational potential and in the long run his overall performance .	… our assertion is that adequate preschool provision can improve the quality of life of young children and their families ; this conviction is given further support by the evidence we have presented in this book that pre - school education will in most circumstances aid the child 's development , increase his educational potential and performance in long runs .
It was not as if what he saw fell short of his expectations .	It was not as if what he saw was shorter than his expectations .
I 'm not sure how I bent the metal strip , but one possibility comes to mind .	I 'm not sure how I bent the metal strip , but one possibility blows my mind .
A grinning young pistolier pulled faces behind his back and gestured to his fellows to indicate that the zealot was mad .	A grinning young pistolier turned his face behind his back and gestured to his fellows to indicate that the zealot was mad .
The horrible truth was slowly dawning on me : I 'd been so preoccupied with finding things like Wellington boots and torches , not to mention boning up on my Enid Blyton , that I 'd forgotten to read the small print .	The horrible truth was slowly dawning on me : I 'd been so preoccupied with finding things like Wellington boots and torches , not to mention boning up on my Enid Blyton , that I 'd forgotten to read the small printed books .
So take heart, friends, the next time your interaction with a liberal devolves into them accusing you of racism or stupidity, followed by a swift exit from the conversation. 	So take revenge, friends, the next time your interaction with a liberal devolves into them accusing you of racism or stupidity, followed by a swift exit from the conversation.
The company highlights the fact that the Scale 3 systems use all three major mass - market off the shelf components — Sparc microprocessors , 3.5’ disk drives and merchant memory chips .	The company highlights the fact that the Scale 3 systems use all three major mass - market shelved components — Sparc microprocessors , 3.5’ disk drives and merchant memory chips .
See if you can spot the odd one out in the list , and then try to imagine the customer 's reaction on receiving the book …	See if you can spot the odd numbers in the list , and then try to imagine the customer 's reaction on receiving the book …
 You touched some nerve , I guess , ' Masha offered , shrugging .	 You touched some hearts , I guess , ' Masha offered , shrugging .
Besides begging the whole question by using the word ' heterosexual ' , the tautology of this explanation is striking .	Besides begging for a new question by using the word ' heterosexual ' , the tautology of this explanation is striking .
‘ Of course he 's entitled to his opinion , but I do n't share it and it 's too premature to talk about anyone being certainties , or anyone being out of the running.’	‘ Of course he 's entitled to his opinion , but I do n't share it and it 's too premature to talk about anyone being certainties , or anyone running out.'
Keep hair smelling clean and fresh — subtly perfumed shampoos do the trick beautifully !	Keep hair smelling clean and fresh — subtly perfumed shampoos trick people beautifully !
if it 's doing so well , oh and you would n't have been on that long under a Labour Government , of course , it would 've been jobs for the boys , they 'd 've slipped you in I 'm sure .	if it 's doing so well , oh and you would n't have been on that long under a Labour Government , of course , it would 've been more jobs for boys and girls , they 'd 've slipped you in I 'm sure .
People had got no money you see having a load of kids and they keep always being in the family way , naturally trying to get rid of them you see because they did n't want them obviously .	People had got no money you see having a load of kids and they keep always being in the way of their family , naturally trying to get rid of them you see because they did n't want them obviously .
Was he doomed to spend the rest of his working life watching babes in arms wheeling and dealing the way he used to ?	Was he doomed to spend the rest of his working life watching babes wheeling and dealing the way he used to ?
quite right , the statistics he was actually talking about , and somebody actually pulled him up on th , up on this and said , okay you 're talking about the number of firms who went to the wall , but what about new firms being created ?	quite right , the statistics he was actually talking about , and somebody actually pulled him up on th , up on this and said , okay you 're talking about the number of firms who built walls , but what about new firms being created ?
It looked at me in the kind of easy , assessing way dogs on their peculiar errands do look at strangers — and then looked again , and stopped dead : his hackles rose : he backed , he made a kind of howling noise , turned tail , and fled .	It looked at me in the kind of easy , assessing way dogs on their peculiar errands do look at strangers — and then looked again , and stopped dead : his hackles rose : he backed , he made a kind of howling noise , wagged his tail , and fled .
The Prime Minister 's hard - nosed stance to further challenges held the line with growls of loyalist support .	The Prime Minister 's hard - nosed stance to further challenges held up a line with growls of loyalist support .
In 1916 Eliot recalled ‘ Tylor 's dreaming aborigine who finds that his soul in sleep can part company with his body and roam the forests …	In 1916 Eliot recalled ‘ Tylor 's dreaming aborigine who finds that his soul in sleep can be part of a company with his body and roam the forests …
I 'd rather be out and about , finding my customers in the market - square or the boulevard.’	I 'd rather be outstanding , finding my customers in the market - square or the boulevard.’
And I think there are a lot of questions that need to be asked — has there been , er have , have corners been cut in order to keep the cost down , were we getting a good quality service or just a cheap service ?	And I think there are a lot of questions that need to be asked — has there been , er have , have employees been cut in order to keep the cost down , were we getting a good quality service or just a cheap service ?
If Avostar gives this one a miss then Another Machine may be the right one .	If Avostar gives this one a chance then Another Machine may be the right one .
The whole stack is covered with a tough Nyflex carpet , which should wear well under pro road stress as long as you can convince your roadcrew to hoover it once in a while .	The whole stack is covered with a tough Nyflex carpet , which should wear well under pro road stress as long as you can convince your roadcrew to hoover it once .
he certainly found me and from there we just went from strength to strength and erm were still have together .	he certainly found me and from there we just went based on physical strength and erm were still have together .
‘ A suspension controller malfunctioned and once that was fixed and I got out again the car caught fire when an oil cooler failed .	‘ A suspension controller malfunctioned and once that was fixed and I got out again the car fired up when an oil cooler failed .
Nutty raised an army of smelly Brits while I was away ( present company excepted ) and I fear a civil war .	Nutty raised an army of smelly Brits while I was away ( the present company ) and I fear a civil war .
She felt a cuckoo in the nest .	She felt a cuckoo in her nest .
Which means that you have plenty of time to cool your heels … and fish.’	Which means that you have plenty of time to cool your drinks … and fish.’
Lingerie that doubles as clothing is all the rage : a bustier under a suit ; a bra as a bikini .	Lingerie that doubles as clothing is rage inducing : a bustier under a suit ; a bra as a bikini .
However , as has already been mentioned , Germany quickly broke ranks with the rest of the EC and the world over Croatia , which led , in the words of our Foreign Secretary , to’ an acceptable compromise’ .	However , as has already been mentioned , Germany quickly broke laws with the rest of the EC and the world over Croatia , which led , in the words of our Foreign Secretary , to’ an acceptable compromise’ .
I 'm afraid curiosity got the better of me and now I have broken your mood .	I 'm afraid curiosity is better for me and now I have broken your mood .
And it seems , on the face of it quite simple and quite straightforward does n't it ?	And it seems , facing forward, quite simple and quite straightforward does n't it ?
It was always likely that this would happen again this year , given that the Walker Cup team were making history whereas Faldo , for all his brilliance , was the second Briton and the fourth European in the Eighties to win at Augusta .	It was always likely that this would happen again this year , given that the Walker Cup team were living in history whereas Faldo , for all his brilliance , was the second Briton and the fourth European in the Eighties to win at Augusta .
At first , police were not sure if he was also a victim or on the run from hitmen .	At first , police were not sure if he was also a victim or running with the hitmen .
It wo n't do any harm , but I 'd rather not give him food for thought , because I consider him an idiot and I do n't think he 's capable of interpreting it correctly .	It wo n't do any harm , but I 'd rather not give him food or thoughts , because I consider him an idiot and I do n't think he 's capable of interpreting it correctly .
I mean , if somebody was petrified of setting eyes on the youth again , then it would n't do them much good , for him to be sent to make good what damage he 's done to their house , or ,	I mean , if somebody was petrified of setting hopes on the youth again , then it would n't do them much good , for him to be sent to make good what damage he 's done to their house , or ,
They split up and simply walked through in broad daylight .	They split up and simply walked through in fading daylight .
Gaga fans only listen to the words and dance to the music, they never look beyond the words and the melody. They don't read between the lines, which is exactly what Gaga doesn't want them to do. 	Gaga fans only listen to the words and dance to the music, they never look beyond the words and the melody. They don't read the new lines, which is exactly what Gaga doesn't want them to do.
‘ Yes , and she hated your guts!’ thought Marie .	‘ Yes , and she hated your body!’ thought Marie .
Following a decision earlier in the year to scale down its workstation business,(UX No 368 ) Solbourne Computer Inc , Longmont , Colorado , has pulled the plug on its direct sales operations in Europe , claiming ‘ lack of business.’	Following a decision earlier in the year to scale down its workstation business,(UX No 368 ) Solbourne Computer Inc , Longmont , Colorado , has pulled direct sales operations of plugs in Europe , claiming ‘ lack of business.’
A great many crocodile tears were shed , for , since Unionists had such an elevated view of the principle of leadership , they were unable to accept that they had just driven their own leader from office .	A great many sincere tears were shed , for , since Unionists had such an elevated view of the principle of leadership , they were unable to accept that they had just driven their own leader from office .
The great advantage of starting from scratch in a kitchen is that you can , for very little extra cost , make major improvements by repositioning services ( gas , plumbing , electricity ) , doors , windows , even walls .	The great advantage of starting from the scratched up kitchen is that you can , for very little extra cost , make major improvements by repositioning services ( gas , plumbing , electricity ) , doors , windows , even walls .
‘ Ana will be easier but with Mitch arriving every other weekend you may have to lay down the law a little.’	‘ Ana will be easier but with Mitch arriving every other weekend you may have to lay down a little.’
Disputes about who 's going to stop drinking and drive home do n't help us go with the flow .	Disputes about who 's going to stop drinking and drive home do n't help us continue drinking .
But can you think of anybody for yourself who you could think of who over the recently or over the in the past few centuries or closer to home have shown the gifts of the Holy Spirit in their lives ?	But can you think of anybody for yourself who you could think of who over the recently or over the in the past few centuries or in their homes have shown the gifts of the Holy Spirit in their lives ?
Kate , a poor little rich girl with her own private rink , can barely keep a partner long enough to get to the Olympics , let alone win a gold medal .	Kate , a poor little girl with her own private rink , can barely keep a partner long enough to get to the Olympics , let alone win a gold medal .
FROM 1984–90 guesses that cash flow could be higher if assets changed hands or if a firm 's financial structure was changed were made in $ 1.7 trillion - worth of cases in America .	FROM 1984–90 guesses that cash flow could be higher if assets changed types or if a firm 's financial structure was changed were made in $ 1.7 trillion - worth of cases in America .
‘ Our display was better than the result and the lads did themselves proud but sometimes Lady Luck dictates how things go .	‘ Our display was better than the result and the lads wished they were proud but sometimes Lady Luck dictates how things go .
So far my enquiries have drawn a blank , your tracks are so well covered .	So far my enquiries have drawn a portrait , your tracks are so well covered .
I really should er phone Breezy up and call his bluff and find out	I really should er phone Breezy up and call his friends and find out
The horses should be fed in descending pecking order , starting from the herd leader , otherwise fights will result .	The horses should be fed in descending size order , starting from the herd leader , otherwise fights will result .
 I was on the rebound when I met Jack 	 I rebounded from the system when I met Jack 
Judith Milner , a Healthcare consultant from Leeds pulls out all the stops when it comes to selling the range of services .	Judith Milner , a Healthcare consultant from Leeds pulls out all the documents when it comes to selling the range of services .
But the result is no laughing matter .	But the result is no trivial matter .
Then there is the inertia factor of the private shareholders who do n't want to rock the boat at all.’	Then there is the inertia factor of the private shareholders who do n't want to sell their boat at all.’
The aim is to scrutinize it with a view to stopping it coming through the door next time .	The aim is to scrutinize it from  another view to stopping it coming through the door next time .
From the moment the lead vehicles broke cover , they could see the enemy headquarters , halted at the edge of a wood .	From the moment the lead vehicles broke down , they could see the enemy headquarters , halted at the edge of a wood .
However , if the Alu transcripts can once in a while , borrow the reverse transcriptase of a passing virus , there is nothing to stop them from propagating in increasing numbers in generation after generation of mammals .	However , if the Alu transcripts can just once , borrow the reverse transcriptase of a passing virus , there is nothing to stop them from propagating in increasing numbers in generation after generation of mammals .
But it is also essential , because China ’s new leadership seems determined to come to grips with a vast array of internal imbalances that threaten the environment , promote destabilizing income inequality , and exacerbate regional disparities .	But it is also essential , because China ’s new leadership seems determined to grip a vast array of internal imbalances that threaten the environment , promote destabilizing income inequality , and exacerbate regional disparities .
They called the shots while we were still tiny , and they did n't spring into crushed velvet bell - bottoms in 1966 , just because it was a happening thing to do .	They shot guns while we were still tiny , and they did n't spring into crushed velvet bell - bottoms in 1966 , just because it was a happening thing to do .
For this surely would have broken his heart — he loved us so much .	For this surely would have broken his bones — he loved us so much .
When she started borrowing my clothes without asking, I had to put my foot down . 	When she started borrowing my clothes without asking, I had to put my feet up .
The struggle to explore the inner space of their materials has driven sculptors to dig deep .	The struggle to explore the inner space of their materials has driven sculptors to dig underground .
Despite this claim to fame the church has been subjected to several indignities , having been deconsecrated and used as a barracks and a chemical store before being reopened for worship in 1899 .	Despite this unsubstantiated claim the church has been subjected to several indignities , having been deconsecrated and used as a barracks and a chemical store before being reopened for worship in 1899 .
They also help us keep tabs on our progress .	They also help us keep tabs open showing our progress .
and just relaxing and erm in any case as I say er guide dogs were few and far between at that time	and just relaxing and erm in any case as I say er guide dogs were far advanced at that time
Silent Scream attempts to do the same for Larry Winters , a Glaswegian murderer who waxed poetic behind bars before topping himself .	Silent Scream attempts to do the same for Larry Winters , a Glaswegian murderer who waxed poetic with rhyming bars before topping himself .
But leisure journeys weave all over the place .	But leisure journeys weave in place .
In a match at Elland Road Wainwright was given his marching orders for swearing after an offside decision — but refused to go .	In a match at Elland Road Wainwright was given new orders for swearing after an offside decision — but refused .
Instead of facing the music at Wembley on September 9 , Taylor 's team will play for expenses only on a Spanish Second Division ground that holds only 25,000 spectators and has never before staged a full international match .	Instead of listening to music at Wembley on September 9 , Taylor 's team will play for expenses only on a Spanish Second Division ground that holds only 25,000 spectators and has never before staged a full international match .
Contrary to the truth , he believed that the parties were equally matched and that Otto , after Richard I 's death , was firmly in the saddle .	Contrary to the truth , he believed that the parties were equally matched and that Otto , after Richard I 's death , was firmly in the doghouse.
What she should be doing was looking on the bright side .	What she should be doing was looking for light sources .
It 's easier said than done , but I would if I could go back over it again .	It 's easier than I thought , but I would if I could go back over it again .
I get a few letters of this sort from people who think the advert for the B.A.E.C. in your classified section , which says it ‘ exists to help electronics enthusiasts’ , is a general invitation to all and sundry to send their problems to me .	I get a few letters of this sort from people who think the advert for the B.A.E.C. in your classified section , which says it ‘ exists to help electronics enthusiasts’ , is a general invitation to all beginners to send their problems to me .
They keep a low profile here , but this person and her colleagues have been chosen to perform some of the most important jobs on the station , though they 're never seen .	They keep a low ceiling here , but this person and her colleagues have been chosen to perform some of the most important jobs on the station , though they 're never seen .
Much given to allusions and cryptic references , all made , for good measure , in a Macedonian dialect.’	Much given to allusions and cryptic references , all made and measured carefully , in a Macedonian dialect.’
 Shelley , Miguel Rafaelo is not a goldfield , where women can stake their claims !	 Shelley , Miguel Rafaelo is not a goldfield , where women make unsubstantiated claims !
Inevitably , the use of the soundtrack as a radio commercial involves some loss of effect , and it seems to me that in general a radio commercial is going to have a much better chance of achieving its desired effect if it is created from scratch .	Inevitably , the use of the soundtrack as a radio commercial involves some loss of effect , and it seems to me that in general a radio commercial is going to have a much better chance of achieving its desired effect if it is created without scratches .
CA 's proprietary Masterpiece financial software , Generator development tools and CA - DB underlying database technology may also make the move .	CA 's proprietary Masterpiece financial software , Generator development tools and CA - DB underlying database technology may also move locations .
Belfast Telegraph Plan 82 could fit the bill because it covers 20 selections with a fine guarantee of at least seven 1 - 1 draws together if eight of your 20 selections end as 1 - 1 draws .	Belfast Telegraph Plan 82 could pay the  bills because it covers 20 selections with a fine guarantee of at least seven 1 - 1 draws together if eight of your 20 selections end as 1 - 1 draws .
JUNIOR and senior teams from Grangefield School , Stockton , have swept the board with their energy plans .	JUNIOR and senior teams from Grangefield School , Stockton , have jumped on board with their energy plans .
He turned to stare at Tallis , who pulled a face .	He turned to stare at Tallis , who pulled a muscle .
In the first half , Petersfield had weathered a varied storm with a mixture of luck and determination .	In the first half , Petersfield had played in a storm with a mixture of luck and determination .
You could tell that she was looking forward to doing her number on the wart .	You could tell that she was looking forward to counting her number of warts .
You simply resisted your natural temptation to worry about the man breaking cover , and took the hit - man before he took you .	You simply resisted your natural temptation to worry about the man breaking character , and took the hit - man before he took you .
A fellow of mediocre talent will remain a mediocrity , whether he travels or not ; but one of superior talent ( which without impiety I can not deny that I possess ) will go to seed , if he always remains in the same place .	A fellow of mediocre talent will remain a mediocrity , whether he travels or not ; but one of superior talent ( which without impiety I can not deny that I possess ) will grow like a seed , if he always remains in the same place .
Mr Gair , 56 , an airline pilot , said it was his grandson 's presence of mind that saved Michael , two , and sisters Katie , five , and four - year - old Angela .	Mr Gair , 56 , an airline pilot , said it was his grandson 's presence that saved Michael , two , and sisters Katie , five , and four - year - old Angela .
‘ One visit to Heather on the spur of the moment could be innocent enough,’ Dysart said musingly .	‘ One visit to Heather for a moment could be innocent enough,’ Dysart said musingly .
It was felt at the time that the upward movement was out of line with the underlying trend and the latest figures analysed by Reward suggest it has in fact been short - lived .	It was felt at the time that the upward movement was lined up with the underlying trend and the latest figures analysed by Reward suggest it has in fact been short - lived .
I heard you at it so I thought I 'd pop in and pass the time of day .	I heard you at it so I thought I 'd pop in and pass the news of the day .
Well , I think I do too but that 's neither here nor there.’	Well , I think I do too but that 's not at this location.’
The rest,’ he shrugged , ‘ were as silent as the grave .	The rest,’ he shrugged , ‘ were buried in the grave .
It was as if he was proposing a bargain to God : I'll come to church , if You ‘ ll turn a blind eye later .	It was as if he was proposing a bargain to God : I'll come to church , if You ‘ ll blind their eyes later .
Preston threw in the towel before it went the whole distance .	Preston threw a towel at him before it went the whole distance .
" Keeper of the Flame,  which inspired the name of Lambert's headlining tour of 2016, can be seen as a tribute to the pioneering artists who blazed a trail for Lambert and others to follow, but at its heart is really about staying inspired (a word which literally means "" fire within "") when difficult circumstances leave one bent yet not broken and "" stronger than I feel. """	" Keeper of the Flame,  which inspired the name of Lambert's headlining tour of 2016, can be seen as a tribute to the pioneering artists who trailed after Lambert and others, but at its heart is really about staying inspired (a word which literally means "" fire within "") when difficult circumstances leave one bent yet not broken and "" stronger than I feel. """
‘ we pour cold water on the natural loving feelings of their parents , and give them the impression they have produced something monstrous .	‘ we water the natural loving feelings of their parents , and give them the impression they have produced something monstrous .
And that's the kiss of death because once you do that you stop following your own path. You become lost.	And that's a lovely kiss because once you do that you stop following your own path. You become lost.
Sadly with my church and Pat Roberson you do not have accountability and people are fearful to stand up to take action when your leader says or acts out of order.	Sadly with my church and Pat Roberson you do not have accountability and people are fearful to stand up to take action when your leader says or acts orderly.
She remembered how he had given her the creeps .	She remembered how he had given her the crepes .
A MAN who killed his cheating wife walked free yesterday after a judge heard how he had dedicated his life to his family .	A MAN who killed his cheating wife walked back yesterday after a judge heard how he had dedicated his life to his family .
Might as well look the part , since all artists were considered crazy and bohemian .	Might as well look past the parts , since all artists were considered crazy and bohemian .
The blokes on the make is n't he ?	The blokes is making it, is n't he ?
This normativist concern came to a head with the publication in 1929 by Lord Hewart , the Lord Chief Justice , of a book entitled The New Despotism .	This normativist concern came to an end with the publication in 1929 by Lord Hewart , the Lord Chief Justice , of a book entitled The New Despotism .
‘ She 's done him proud,’ said Mrs Flaherty , ‘ I 'll say that for her.’	‘ She 's made him proud,’ said Mrs Flaherty , ‘ I 'll say that for her.’
Jade axes were being made by the Maoris in New Zealand , almost within living memory .	Jade axes were being made by the Maoris in New Zealand , within living quarters.
He said it remained in the black but he refused to rule out job cuts at the factory , where 40 workers lost their jobs last year .	He said it remained in the dark but he refused to rule out job cuts at the factory , where 40 workers lost their jobs last year .
With 3 % or 4 % , they can make or break policies and governments , as Israel 's religious parties notoriously have done .	With 3 % or 4 % , they can make new policies and governments , as Israel 's religious parties notoriously have done .
It was now or never , she realised numbly .	It was never , she realised numbly .
Frequently it is necessary to read between the lines .	Frequently it is necessary to read .
As long as I kept just over 80 mph I reckoned that , even in a red Porsche , the traffic police would turn a blind eye .	As long as I kept just over 80 mph I reckoned that , even in a red Porsche , the traffic police would turn me in .
And we 're really having to struggle to sort of make ends meet .	And we 're really having to struggle to sort of make meetings .
Better to lose face and be open about not understanding the cryptic message , than to lose sleep at night over it .	Better to lose money and be open about not understanding the cryptic message , than to lose sleep at night over it .
Whichever camp you are in , the same celestial advice will apply — hit below the belt .	Whichever camp you are in , the same celestial advice will apply — hit their belt .
He has put himself beyond the pale — I have forbidden you to speak of him.’	He has put himself beyond the fence — I have forbidden you to speak of him.’
Her version ( slightly rewritten for the occasion ) of ‘ This is My Song’ brought the house down and everyone was ready to listen to the main speech .	Her version ( slightly rewritten for the occasion ) of ‘ This is My Song’ brought the mood down and everyone was ready to listen to the main speech .
RR still keeps mum about its power outputs and on performance will only say the Brooklands will do ‘ in excess of 125mph’ and 0–60 mph in ‘ less than 10secs’ .	RR still keeps records of its power outputs and on performance will only say the Brooklands will do ‘ in excess of 125mph’ and 0–60 mph in ‘ less than 10secs’ .
It is not easy to come to terms with the idea that the parents on whom you depended all those years ago may now — possibly because of ill - health — have become dependent upon you .	It is not easy to make up terms for the idea that the parents on whom you depended all those years ago may now — possibly because of ill - health — have become dependent upon you .
The elderly relatives did what they could but it meant that all through his life — not that he even survived to forty — there was never a chance to take it a bit easier , no one he could rely on to do the work if he was ill or tired .	The elderly relatives did what they could but it meant that all through his life — not that he even survived to forty — there was never a chance to take it a bit more serious , no one he could rely on to do the work if he was ill or tired .
Ministers for such tough assignments need pioneering gifts ( i.e. they need to be made in the apostolic mould ) and cross - cultural training if a church is to put down local roots .	Ministers for such tough assignments need pioneering gifts ( i.e. they need to be made in the apostolic mould ) and cross - cultural training if a church is to put down locals .
It follows from this that any anthropologist who selects a particular category word from his own mother tongue , e.g. incest , marriage , family , myth , religion , and then embarks on some kind of cross - cultural study of institutions which he lumps together under such headings , is begging all the questions which are of serious interest !	It follows from this that any anthropologist who selects a particular category word from his own mother tongue , e.g. incest , marriage , family , myth , religion , and then embarks on some kind of cross - cultural study of institutions which he lumps together under such headings , is begging to answer the questions which are of serious interest !
He followed suit , and , leaning back against the pillows , put a comforting arm around her .	He followed his instincts , and , leaning back against the pillows , put a comforting arm around her .
However , I believe Hooper will get the nod .	However , I believe Hooper will nod off .
Section 3 on this < pb n=276 ? view deals with appropriation when the accused divests the victim of ownership where the accused already has some enjoyment of the property ( e.g. he has possession ) or where the accused falls short of taking complete control at the moment of appropriation .	Section 3 on this < pb n=276 ? view deals with appropriation when the accused divests the victim of ownership where the accused already has some enjoyment of the property ( e.g. he has possession ) or where the accused falls into taking complete control at the moment of appropriation .
Alright , well when you 've finished here perhaps we can touch base .	Alright , well when you 've finished here perhaps we can touch hands.
Bizarre though the synchro - energy system might sound , it 's touched a raw nerve among jaded New Yorkers worn out by a decade of hard , hyped - up materialistic living .	Bizarre though the synchro - energy system might sound , it 's touched hearts among jaded New Yorkers worn out by a decade of hard , hyped - up materialistic living .
If such a proposal was adopted by the GMC Kay and his committee might find themselves in the dock .	If such a proposal was adopted by the GMC Kay and his committee might find themselves working in the docks .
He and Auntie Lou were thick as thieves at the moment .	He and Auntie Lou were thick at the moment .
The appointment last week of company doctoring group Postern to work on an MTM recovery should help in buying time with the banks .	The appointment last week of company doctoring group Postern to work on an MTM recovery should help in buying stocks with the banks .
In that act of letting the congenital non - participants off the hook , a once - in - a - generation chance of politicizing those millions was lost .	In that act of letting the congenital non - participants hook up , a once - in - a - generation chance of politicizing those millions was lost .
They 'd take the mickey out of him at school for that .	They 'd take him out of school school for that .
So impassive and peculiar had the Collector become , so obviously on the verge , everyone thought so ( you would have thought so yourself if you had seen him at this time ) , of giving up the ghost , that his face was scrutinized more closely than ever for any trace of remorse as the gorse bruiser was carried out .	So impassive and peculiar had the Collector become , so obviously on the verge , everyone thought so ( you would have thought so yourself if you had seen him at this time ) , of giving up , that his face was scrutinized more closely than ever for any trace of remorse as the gorse bruiser was carried out .
I didn't know how you guys were gon na pull off a wedding in front of a teepee, but you did it, so way to go.	I didn't know how you guys were gon na pull off a wedding in front of a teepee, but you did it, so we've got a long way to go.
And when he made history , he did so by speaking , mostly for members of his own line and for close collaterals .	And when he studied history , he did so by speaking , mostly for members of his own line and for close collaterals .
Why should you go clucking around them like a mother hen , just because they both hit the ceiling?’	Why should you go clucking around them like a mother hen , just because they both punched the ceiling?’
There is no doubt she will grow into a songwriter of some depth and power ; whether she acknowledges any responsibility for breaking new ground for women in rock is another matter .	There is no doubt she will grow into a songwriter of some depth and power ; whether she acknowledges any responsibility for breaking contracts for women in rock is another matter .
The final message for the politicians and consultants ought to be ‘ back to the drawing board’ .	The final message for the politicians and consultants ought to be ‘ back to the Ouija board’ .
Some would have us believe that getting China and India on board will be easy .	Some would have us believe that getting China and India boarded up will be easy .
It says it 's wrong that a judge should have to pass the same sentence on an abused wife who kills a brutal husband as it does on a robber armed with a shotgun who kills in cold blood .	It says it 's wrong that a judge should have to pass the same sentence on an abused wife who kills a brutal husband as it does on a robber armed with a shotgun who kills without blood .
He felt like a boxer who had been pummelled mercilessly against the ropes , on the verge of defeat , only to see his opponent 's corner throw in the towel .	He felt like a boxer who had been pummelled mercilessly against the ropes , on the verge of defeat , only to see his opponent 's corner throwing up .
Executive controller for M & S Morrison Cherrie said ‘ Julie jumps at the drop of a hat as far as a job is concerned .	Executive controller for M & S Morrison Cherrie said ‘ Julie jumps for a new hat as far as a job is concerned .
Kathleen flushed and was angry with herself for it and for allowing her sister to get the better of her again .	Kathleen flushed and was angry with herself for it and for allowing her sister to be better than her again .
That meant it was mine for keeps .	That meant it was mine for now .
France ’s current - account deficit has risen to more than 2 % of GDP , even as its economic growth has ground to a halt .	France ’s current - account deficit has risen to more than 2 % of GDP , even as its economic growth has solid grounding .
The results of allowing boroughs to withdraw would , to say the least , be chaotic .	The results of allowing boroughs to withdraw would , to say it all , be chaotic .
It 's bugger all to do with me but my interest is getting the in .	It 's all to do with me but my interest is getting the in .
She tried to learn the Book of Job by heart , but never got safely past the end of the second chapter ; the first two chapters were on the dull side , overloaded with yoke of oxen and she - asses , with Eliphaz the Temanite , Bildad the Shuhite , and Zophar the Naamathite , Job 's comforters .	She tried to learn the Book of Job by candlelight, but never got safely past the end of the second chapter ; the first two chapters were on the dull side , overloaded with yoke of oxen and she - asses , with Eliphaz the Temanite , Bildad the Shuhite , and Zophar the Naamathite , Job 's comforters .
The index closed 10.2 down on the day at 2,879.7 , with 705 million shares changing hands .	The index closed 10.2 down on the day at 2,879.7 , with 705 million shares changing values.
Abel plays with his overwhelming sound system ; on bounces a heavily tampered cover of ' Dancing Queen ' , cut intermittently with a Scottish rap .	Abel plays with his overwhelming sound system ; a bouncy , heavily tampered cover of ' Dancing Queen ' , cut intermittently with a Scottish rap .
De Quincey was more or less in hiding from Edinburgh people to whom he owed large sums of money , so Glasgow , a thriving and blackening metropolis of 365 , 000 souls , was the ideal place in which to eat your opium and keep your head down .	De Quincey was more or less in hiding from Edinburgh people to whom he owed large sums of money , so Glasgow , a thriving and blackening metropolis of 365 , 000 souls , was the ideal place in which to eat your opium and keep your head .
I mean she 'll be out two days on the trot .	I mean she 'll be out two days trotting around .
His uncle , Mr Bill Eden , was a postman at Northallerton when the young Reg followed in his footsteps .	His uncle , Mr Bill Eden , was a postman at Northallerton when the young Reg was following him by his footsteps .
In religion as in so much else the daily life of the South Saxons was conducted over several centuries by word of mouth and the group memory rather than by letter and record .	In religion as in so much else the daily life of the South Saxons was conducted over several centuries by written word and the group memory rather than by letter and record .
it 's a little disappointing because we had been lying in second place and that would have stood us in good stead for the rest of the competition	it 's a little disappointing because we had been lying in second place and that would have stood us down for the rest of the competition
Over her supine body Andrew and Horatia 's eyes met and she took the initiative , knowing she had to get the better of the marquis straight away .	Over her supine body Andrew and Horatia 's eyes met and she took the initiative , knowing she had to get better with the marquis straight away .
After avoiding a swarm of awaiting reporters and photographers, former CIA director David Petraeus testified behind closed doors Friday that he believes the Sept. 11 attacks on a U.S. diplomatic outpost in Benghazi, Libya was an act of terrorism that did not arise out of a spontaneous demonstration, according to a lawmaker who heard the testimony.	After avoiding a swarm of awaiting reporters and photographers, former CIA director David Petraeus testified behind bars Friday that he believes the Sept. 11 attacks on a U.S. diplomatic outpost in Benghazi, Libya was an act of terrorism that did not arise out of a spontaneous demonstration, according to a lawmaker who heard the testimony.
It 'll get to be second nature , do n't worry .	It 'll get to be secondary , do n't worry .
Perhaps , in the primordial soup , left and right handedness were in free competition until some small chance advantage became overwhelming through the evolutionary progress .	Perhaps , when cooking soup , left and right handedness were in free competition until some small chance advantage became overwhelming through the evolutionary progress .
The power of the platform 's weapons and the threat they posed was enough to give anyone pause for thought , but now they appeared somehow more lethal because they were unseen — concealed behind gunports which had been engineered to such fine tolerances that Rostov could detect no hint of them anywhere on the curved metal skin .	The power of the platform 's weapons and the threat they posed was enough to stop anyone's thoughts , but now they appeared somehow more lethal because they were unseen — concealed behind gunports which had been engineered to such fine tolerances that Rostov could detect no hint of them anywhere on the curved metal skin .
Once again , however , he discovered he had struck a chord with ordinary people , people who had felt they were unfit to pass judgement on modern buildings because they lacked the qualifications .	Once again , however , he discovered he had struck ordinary people , people who had felt they were unfit to pass judgement on modern buildings because they lacked the qualifications .
The instances of this happening are few and far between .	The instances of this happening are far distant .
McQueen was accompanied on location by Ali MacGraw , whom he had met on The Getaway , and whose presence he admitted saved him from going round the bend .	McQueen was accompanied on location by Ali MacGraw , whom he had met on The Getaway , and whose presence he admitted saved him from going home .
And by this stage in this commentary , he wrote , there is no need to qualify the words success , triumph , and the rest , qualifications can be taken as read .	And by this stage in this commentary , he wrote , there is no need to qualify the words success , triumph , and the rest , qualifications need to be read .
While the Tories were holding the line in the South , there was gloomier news in the North .	While the Tories were lining up in the South , there was gloomier news in the North .
But we had saved the day , and our long friendship .	But we had saved the money , and our long friendship .
Halifax are pulling out all the stops to try to strengthen their squad and want a sponsor to help fund a deal for Aussie Test forward Bob Lindner .	Halifax are pulling out of trying to strengthen their squad and want a sponsor to help fund a deal for Aussie Test forward Bob Lindner .
It was perfectly true ; she had had a friend once who 'd changed personality at the drop of a hat as soon as she had conceived .	It was perfectly true ; she had had a friend once who 'd changed personality regarding hats as soon as she had conceived .
Suits off , jeans on , Kim Dyas , Business Development Manager for Stoddard Mercia , gets stuck in to sort out samples .	Suits off , jeans on , Kim Dyas , Business Development Manager for Stoddard Mercia , gets stuck sorting out samples .
Parents have been selected to become erm , relatively insensitive to signs of distress in the offspring , because erm , as where they cry wolf all the time , and as a result , erm , parents do n't take crying as seriously in children as they do in adults .	Parents have been selected to become erm , relatively insensitive to signs of distress in the offspring , because erm , as where they cry about wolves all the time , and as a result , erm , parents do n't take crying as seriously in children as they do in adults .
Land set aside in the EC must not be the green light for imports from other countries either — whether from countries in the GATT negotiations , or from Eastern Europe .	Land set aside in the EC must not be the red light for imports from other countries either — whether from countries in the GATT negotiations , or from Eastern Europe .
‘ Potentially there are a lot of places up for grabs .	‘ Potentially there are a lot of places grabbed up .
‘ To a certain extent you 'll have free rein,’ he 'd told her over the telephone .	‘ To a certain extent you 'll have to rein in,’ he 'd told her over the telephone .
Having a ticket should do the trick .	Having a ticket should trick them .
All you had to do was walk past in high heels and a tight skirt with your popper beads hanging down your button - up cardigan and a bra which shaped your breasts into sharply protruding cones and they exploded into admiring noises , gave you the eye , even followed you home .	All you had to do was walk past in high heels and a tight skirt with your popper beads hanging down your button - up cardigan and a bra which shaped your breasts into sharply protruding cones and they exploded into admiring noises , gave you presents , even followed you home .
I 'll give you some grief if you say	I 'll grieve with you if you say
The result is that ordinary motorists can now get the cars of their dreams for a song , and they could even end up being a good little earner .	The result is that ordinary motorists can now get the cars of their dreams by singing, and they could even end up being a good little earner .
I suspect that Okonjo - Iweala , with her enormous competence and renowned wit , would have gotten the better of Kim .	I suspect that Okonjo - Iweala , with her enormous competence and renowned wit , would have gotten better with Kim .
Ladies and gentlemen , please ask the people in your constituencies whether they want us to play with fire in this way .	Ladies and gentlemen , please ask the people in your constituencies whether they want us to fire people in this way .
When Victor and I gave them the slip at Victoria station they knew we were onto them .	When Victor and I gave them the pink slip at Victoria station they knew we were onto them .
At least , this human being loyally follows me around the place , keeps tabs on me and rings me up the whole time .	At least , this human being loyally follows me around the place , keeps my tab open and rings me up the whole time .
In what she acknowledged was a difficult year for the Scottish party , Mrs McGuire admitted the party had yet to fully come to terms with the election defeat last April .	In what she acknowledged was a difficult year for the Scottish party , Mrs McGuire admitted the party had yet to fully announce the terms of their election defeat last April .
The Book of Proverbs makes it clear that happiness and discipline go hand in hand from the beginning of our lives : ‘ He who spares the rod hates his son , but he who loves him is careful to discipline him.’	The Book of Proverbs makes it clear that happiness and discipline are handmade from the beginning of our lives : ‘ He who spares the rod hates his son , but he who loves him is careful to discipline him.’
About Amy he had drawn a complete blank .	About Amy he had drawn a complete picture .
For fuck 's sake get a grip .	For fuck 's sake grab on .
I was waiting one night for a bus from South Kensington to Fulham when two of them , who obviously had had one or two over the eight came towards me .	I was waiting one night for a bus from South Kensington to Fulham when two of them , who obviously had had only one or two drinks came towards me .
The sixties were in full swing and we all lived , whether we like it or not , in a permissive society .	The sixties were swinging back and forth and we all lived , whether we like it or not , in a permissive society .
During the 1950s , both railways hoped that major investment plans ( BTC 1955 ; RENFE 1950 ; 1957 m : ix ) would allow them to modernize , reduce costs and attract sufficient traffic to break even .	During the 1950s , both railways hoped that major investment plans ( BTC 1955 ; RENFE 1950 ; 1957 m : ix ) would allow them to modernize , reduce costs and attract sufficient traffic to break records .
One way out of this dead - end situation , denying as it did the possibility of a human relationship , was taken by Donne in his love - poems , where the woman is no longer on a pedestal but is discovered in bed with the poet .	One way out of this dead - end situation , denying as it did the possibility of a human relationship , was taken by Donne in his love - poems , where the woman is no longer on a pedestal but is discovered near the bed with the poet .
It means Labour biting the bullet .	It means Labour buying more bullets .
he 's been able to get round it really , it might well be above board , but the police have been looking into it	he 's been able to get round it really , it might well be above standards , but the police have been looking into it
I looked naked under the lace ( the desired effect ) , but in fact ‘ M’ always makes built - in underwear out of fine flesh - coloured fabric with several linings of asbestos and a Liberty bodice under the lot for good measure .	I looked naked under the lace ( the desired effect ) , but in fact ‘ M’ always makes built - in underwear out of fine flesh - coloured fabric with several linings of asbestos and a Liberty bodice under the lot for easy measurements .
